<toc label="Tiny ASURO Library" topic="index.html">
  <topic label="Die Tiny ASURO Library" href="index.html"/>
  <topic label="Zusätzliche Informationen" href="pages.html">
    <topic label="Besonderheiten/Unterschiede" href="differences.html">
    </topic>
    <topic label="Genutzte Hardwareressourcen" href="hardware.html">
    </topic>
    <topic label="Verwendete Interrupts" href="interrupts.html">
    </topic>
    <topic label="Veraltete Elemente" href="deprecated.html">
    </topic>
  </topic>
  <topic label="Datenstrukturen">
    <topic label="Datenstrukturen" href="annotated.html">
      <topic label="EncoderTicks_t" href="struct_encoder_ticks__t.html">
        <topic label="left" href="struct_encoder_ticks__t.html#a1a004e32565c228c2e85b35a469d5145"/>
        <topic label="right" href="struct_encoder_ticks__t.html#a82f2d97b59b664e0a6b9ab752738db23"/>
      </topic>
      <topic label="SensorValues_t" href="struct_sensor_values__t.html">
        <topic label="right" href="struct_sensor_values__t.html#a61938d8fca0e953d39df2d9e06f55b10"/>
        <topic label="left" href="struct_sensor_values__t.html#a70cfd618738e7ccc6476c05b5ec2490e"/>
      </topic>
    </topic>
    <topic label="Datenstruktur-Verzeichnis" href="classes.html"/>
    <topic label="Datenstruktur-Elemente" href="functions.html">
      <topic label="Alle" href="functions.html"/>
      <topic label="Variablen" href="functions_vars.html"/>
    </topic>
  </topic>
  <topic label="Dateien">
    <topic label="Auflistung der Dateien" href="files.html">
      <topic label="libtinyasuro/inc/asuro/adc.h" href="adc_8h.html">
        <topic label="ADC_BLOCK" href="adc_8h.html#a5bc86a3676261f08ae1155580f73f214"/>
        <topic label="ADC_CH_0" href="adc_8h.html#a55952ff4d93bc6dbf4a9a7f7be6975a4"/>
        <topic label="ADC_CH_1" href="adc_8h.html#acd8f28be344f9d95af35ebbceb5beeb9"/>
        <topic label="ADC_CH_2" href="adc_8h.html#a4e0976dde1aa3857ed258bf7628e50da"/>
        <topic label="ADC_CH_3" href="adc_8h.html#a8b0faaa9de32ba9fadfca39cb6bfe080"/>
        <topic label="ADC_CH_4" href="adc_8h.html#a193789bbb032f62143157502dfaefbed"/>
        <topic label="ADC_CH_5" href="adc_8h.html#a01ae0e680819f5acde361047fe268a3b"/>
        <topic label="ADC_CH_VBG" href="adc_8h.html#afd770eed9fefbfbd4753bb1019319ddc"/>
        <topic label="ADC_CH_MASK" href="adc_8h.html#a36013d93679dd9d296ff34dd197df763"/>
        <topic label="ADC_REF_VCC_DECOUPLED" href="adc_8h.html#acc32cf0d290b0d2dd807068de1365339"/>
        <topic label="ADC_REF_VBG_DECOUPLED" href="adc_8h.html#a657993ce2525f47bff7258db4ee5ca2c"/>
        <topic label="ADC_REF_MASK" href="adc_8h.html#acd2a0fb5183eb8bb3759943d35f059e3"/>
        <topic label="ADC_BAT" href="adc_8h.html#a7e10f3eb0c323a3a6e0686e31c142965"/>
        <topic label="ADC_BAT_INTERNAL" href="adc_8h.html#a96f070b20ea22e3efea3f161fff3f52c"/>
        <topic label="ADC_SWITCH" href="adc_8h.html#a9166dd35fe526569739c754df85f7e61"/>
        <topic label="ADC_IR_LEFT" href="adc_8h.html#afb5b9a5711c8af0a71ad735e026b4bbe"/>
        <topic label="ADC_IR_RIGHT" href="adc_8h.html#a7afe283bbe9e231eeea59bb252eb0f82"/>
        <topic label="ADC_ODO_LEFT" href="adc_8h.html#a8b4f619d763922f2a7ec7f28be6f8ebe"/>
        <topic label="ADC_ODO_RIGHT" href="adc_8h.html#a558243a7d4334fda222e0f9631c82870"/>
        <topic label="ADC_LEFT_ADJUST" href="adc_8h.html#a41d72f885fb500f1bb356db922fc0ccc"/>
        <topic label="ADC_GET_CHANNEL" href="adc_8h.html#a6d765663c55aa113a74046e284e45c3f"/>
        <topic label="ADCSRA_BASE_VALUE" href="adc_8h.html#a2daa3a1d2288e9a6e52a589d77be200d"/>
        <topic label="ADCInit" href="adc_8h.html#a39150f192703c8fc5f1885bc21deee7f"/>
        <topic label="ADCSelectChannel" href="adc_8h.html#af543d543acc739b441f13436933f34e9"/>
        <topic label="ADCMeasure" href="adc_8h.html#a3b6afebcfa785ed99bf93614d4cde530"/>
        <topic label="ADCInterruptEnable" href="adc_8h.html#a6a8d812c1d6a5769e6664157e38d1982"/>
        <topic label="ADCInterruptDisable" href="adc_8h.html#acb00acd7a95bea215369de562e9a18f0"/>
      </topic>
      <topic label="libtinyasuro/inc/asuro/asuro.h" href="asuro_8h.html">
        <topic label="Init" href="asuro_8h.html#a7ce0a14b6e7779fbb2d9a05333792c41"/>
      </topic>
      <topic label="libtinyasuro/inc/asuro/config.h" href="config_8h.html">
        <topic label="OVERRIDE_BAUD" href="config_8h.html#a203f95f34faa7bfce602aa3f8101687b"/>
        <topic label="BAUD" href="config_8h.html#a62634036639f88eece6fbf226b45f84b"/>
        <topic label="SWITCH_FACTOR" href="config_8h.html#a3bfa0d6d715070dcfd79e9141d3ccc41"/>
        <topic label="INTERNAL_BATTERY_MEASURMENT" href="config_8h.html#acdb9176b9d802c90d313ae5b373d6e07"/>
        <topic label="BATTERY_CALIBRATION_FACTOR" href="config_8h.html#a80cf16af6add11c88d34bd63d5ca8ba7"/>
        <topic label="ODO_EDGE_THRESHOLD" href="config_8h.html#a7f3ba2eba82fdce2a08ad283017f998a"/>
        <topic label="ENC_MM_PER_TICK" href="config_8h.html#a830db44c8ffb85e3a6ceeba7c923f277"/>
        <topic label="ENC_TURN_TICKS_PER_360_DEGREE" href="config_8h.html#a4d307fb36afe537ed4a03a6aed85df40"/>
        <topic label="ENCODER_MOVEMENT_DELTA_LIMIT" href="config_8h.html#ae600e0e9c56862903e8829f3fb96c74b"/>
        <topic label="ENCODER_MOVEMENT_STEP" href="config_8h.html#a90c47cd2b7b3ff330c21f851115b85ab"/>
      </topic>
      <topic label="libtinyasuro/inc/asuro/encoder.h" href="encoder_8h.html">
        <topic label="Go" href="encoder_8h.html#a3235d3952c9fdc085d027a48b895e72a"/>
        <topic label="Turn" href="encoder_8h.html#ad75fc80537113bbf229e230c5f65669d"/>
        <topic label="EncoderInit" href="encoder_8h.html#a80ec2c177aa9c2636f797ca881381827"/>
        <topic label="EncoderPoll" href="encoder_8h.html#a90d26c7c902d6b59f5a6dc484641454a"/>
        <topic label="EncoderReset" href="encoder_8h.html#a18dbe65842a6a727d3c3873938b7c0e4"/>
        <topic label="GoTurn" href="encoder_8h.html#a14091233a139a450adb0577fcb97bba3"/>
        <topic label="EncoderMovementReset" href="encoder_8h.html#a913ede697f577a134d678c96b3fce072"/>
        <topic label="EncoderMovementSetSpeed" href="encoder_8h.html#a657fa55615c1aaf3d83f5ca21cdf3188"/>
        <topic label="EncoderMovementPoll" href="encoder_8h.html#a37cb1c9808dd557dca2b12f5beab03d7"/>
        <topic label="encoderTicks" href="encoder_8h.html#a33afb0d05dc053abb3ac739835e90a0f"/>
      </topic>
      <topic label="libtinyasuro/inc/asuro/hooks.h" href="hooks_8h.html">
        <topic label="TIMER2_ISR_HOOK_ENABLE" href="hooks_8h.html#a8dbd105c15c3eed8388464d7be3c2f38"/>
        <topic label="ADC_ISR_HOOK_ENABLE" href="hooks_8h.html#a72be15fa0c3d3707c1135cacdc3af804"/>
        <topic label="SWITCH_ISR_HOOK_ENABLE" href="hooks_8h.html#aa41a82af6f6372f9ea1702a1e34b6374"/>
        <topic label="ISRHookFunc_t" href="hooks_8h.html#a4e99fd68ad8bb32e1643fd548f450b70"/>
      </topic>
      <topic label="libtinyasuro/inc/asuro/led.h" href="led_8h.html">
        <topic label="OFF" href="led_8h.html#a29e413f6725b2ba32d165ffaa35b01e5"/>
        <topic label="ON" href="led_8h.html#ad76d1750a6cdeebd506bfcd6752554d2"/>
        <topic label="GREEN" href="led_8h.html#acfbc006ea433ad708fdee3e82996e721"/>
        <topic label="RED" href="led_8h.html#a8d23feea868a983c8c2b661e1e16972f"/>
        <topic label="YELLOW" href="led_8h.html#abf681265909adf3d3e8116c93c0ba179"/>
        <topic label="GREEN_LED" href="led_8h.html#a01649d652fa50957c6ef3c32b1238038"/>
        <topic label="RED_LED" href="led_8h.html#a073dbcb7f5bc4f4b45dc048b55eaff3d"/>
        <topic label="FRONT_LED" href="led_8h.html#ad9567ac44225342551d4e5adcf2dd81a"/>
        <topic label="ODOMETRY_LED" href="led_8h.html#ad9e9b3a62aa2af056aa91509d449bdff"/>
        <topic label="ODOMETRIE_LED" href="led_8h.html#a176882b8d1388d28d08cfd08e09f7c42"/>
        <topic label="BACK_LED_RIGHT" href="led_8h.html#abf4df652486ebfcd357e1fbcdfe4491f"/>
        <topic label="BACK_LED_LEFT" href="led_8h.html#ad2f9a49c2fd3d651968055657acd3882"/>
        <topic label="BACK_LED_BOTH" href="led_8h.html#acb59833c83fa6bc0aaf716b4b24c1ec3"/>
        <topic label="GREEN_LED_ON" href="led_8h.html#aad1d460393cd8eb8359e3707de497a56"/>
        <topic label="GREEN_LED_OFF" href="led_8h.html#a003fab2684ce160efc1eccc7df9997a8"/>
        <topic label="RED_LED_ON" href="led_8h.html#a56abff74f243015a90e03db989a2235a"/>
        <topic label="RED_LED_OFF" href="led_8h.html#a2cf40c0fd9c5724a06052ab02de7ae5e"/>
        <topic label="FRONT_LED_ON" href="led_8h.html#a5ec7a417222fd690475b7e5dfd18ac78"/>
        <topic label="FRONT_LED_OFF" href="led_8h.html#aba59bec39ce56b45abdf0d189833ccc8"/>
        <topic label="ODOMETRY_LED_ON" href="led_8h.html#a23f87f1ab8611cbe135e05b114788213"/>
        <topic label="ODOMETRY_LED_OFF" href="led_8h.html#a7d624ba3ea57797d51ee6c266e0e5bd0"/>
        <topic label="ODOMETRIE_LED_ON" href="led_8h.html#a3983a1bdfef5aa05a4b05899af5c809f"/>
        <topic label="ODOMETRIE_LED_OFF" href="led_8h.html#a5aa3a99bce2bd9bf92096dbf501df692"/>
        <topic label="LED_CONFIGURE_BACK" href="led_8h.html#a9ac8f007100c22389335558f830acb3d"/>
        <topic label="LED_CONFIGURE_ODOMETRY" href="led_8h.html#a32d80d444a37ddfe1cfa845cd016894a"/>
        <topic label="LED_CONFIGURE_ODOMETRIE" href="led_8h.html#a992211c44a393e2e2004e6fafef682bf"/>
        <topic label="LEDInit" href="led_8h.html#af60d8b831f2d2f7de43b72774fa5ce83"/>
        <topic label="StatusLED" href="led_8h.html#a2b5bc121ddd4f3af5c4d2ce09c73e70b"/>
        <topic label="FrontLED" href="led_8h.html#a26d85715869f239fdfc00c98cad35943"/>
        <topic label="BackLED" href="led_8h.html#ac6b996360987b23e04d6f4fb933dc187"/>
        <topic label="BackLEDFast" href="led_8h.html#ae721de01d7f7502d9180ce4db2428394"/>
      </topic>
      <topic label="libtinyasuro/inc/asuro/motor.h" href="motor_8h.html">
        <topic label="FWD" href="motor_8h.html#aa02f16883c5ce325e2dbb8c3835aa9a1"/>
        <topic label="BWD" href="motor_8h.html#ababc4097c218c2f90a92b311e09a8e42"/>
        <topic label="RWD" href="motor_8h.html#a0c3c1353638d84aafe3b0f52882c540f"/>
        <topic label="BREAK" href="motor_8h.html#abe022c8f09db1f0680a92293523f25dd"/>
        <topic label="FREE" href="motor_8h.html#a9a8e700d56e7d858108b755ad3edb52e"/>
        <topic label="MotorInit" href="motor_8h.html#a03fa9e7b83025b081d85ee7cc8e0ad10"/>
        <topic label="MotorDir" href="motor_8h.html#a15bbe01030266051426e368619d478ba"/>
        <topic label="MotorSpeed" href="motor_8h.html#ade3517edc7d0f314e684ae9de40bcefd"/>
      </topic>
      <topic label="libtinyasuro/inc/asuro/sensors.h" href="sensors_8h.html">
        <topic label="LEFT" href="sensors_8h.html#a437ef08681e7210d6678427030446a54"/>
        <topic label="RIGHT" href="sensors_8h.html#a80fb826a684cf3f0d306b22aa100ddac"/>
        <topic label="AutoMeasurmentMode_t" href="sensors_8h.html#a79f4820891e1a35816f8e8395029ec25"/>
        <topic label="SensorInit" href="sensors_8h.html#a5b15323dd447e4db7677a19089955913"/>
        <topic label="LineData" href="sensors_8h.html#a7a732e88bdb1d7dd45e3f9e07b3fa5a7"/>
        <topic label="OdometryData" href="sensors_8h.html#ae931bad72479894d85052fce9f4491da"/>
        <topic label="OdometrieData" href="sensors_8h.html#a22d3fd3d32ff70d9e0afa646a420a9f7"/>
        <topic label="BatteryVoltage" href="sensors_8h.html#a48f064c20b23e7d3b049859aa1913310"/>
        <topic label="SensorConfigAutomode" href="sensors_8h.html#af97e100f0689f33067132792351e5cf1"/>
        <topic label="odoData" href="sensors_8h.html#aeea05a42bf5df828380fdc9253af998f"/>
        <topic label="odoDataUpdated" href="sensors_8h.html#a3463504a9988396fd366bf59168b9e84"/>
        <topic label="lineData" href="sensors_8h.html#a20fb6a04e4d902539c0600fcc02cb39d"/>
        <topic label="lineDataUpdated" href="sensors_8h.html#a63a0a76caf3bc270da26a8b08491f5f2"/>
        <topic label="ADCISRHook" href="sensors_8h.html#a7f6ab408b477700ccb3c01ba61cfbf35"/>
      </topic>
      <topic label="libtinyasuro/inc/asuro/switches.h" href="switches_8h.html">
        <topic label="SWITCH_1" href="switches_8h.html#afc718c1fcfcf5d762545260289674333"/>
        <topic label="SWITCH_2" href="switches_8h.html#a62b9d54211060aac86c0ca9b02f7331e"/>
        <topic label="SWITCH_3" href="switches_8h.html#a760f4fa2340ec8b807fea30119915efa"/>
        <topic label="SWITCH_4" href="switches_8h.html#a083e2bd040ccdbc6514e13b876ff20f7"/>
        <topic label="SWITCH_5" href="switches_8h.html#ada58a6eb536d60022c9e42e96f77768f"/>
        <topic label="SWITCH_6" href="switches_8h.html#a49ee4a35e8c787e63a0be16f5d524d9d"/>
        <topic label="SwitchInit" href="switches_8h.html#a0f674ea092ae368ce3d994d179c91a24"/>
        <topic label="PollSwitch" href="switches_8h.html#a5d14a93c00851af7ed7826ae66b24ee3"/>
        <topic label="SwitchInterruptEnable" href="switches_8h.html#adef7d0d969cec58f861159c97010282d"/>
        <topic label="SwitchInterruptDisable" href="switches_8h.html#a434762fea9c659bdcb8bb6c9b67ec396"/>
        <topic label="switch_event" href="switches_8h.html#a095e4a5b222477fc19f533d9350a5ba8"/>
        <topic label="SwitchISRHook" href="switches_8h.html#a0a001cde623f5b0e6cfca680a79a22c6"/>
      </topic>
      <topic label="libtinyasuro/inc/asuro/time.h" href="time_8h.html">
        <topic label="Sleep" href="time_8h.html#a43984bdff96decf76fb0b2b72c4cee25"/>
        <topic label="Msleep" href="time_8h.html#a77e38eafeb56d9f2f687ee40cbe3a696"/>
        <topic label="SleepUntilInterrupt" href="time_8h.html#a99f12ef12d5f29479528ab7c2a325c5c"/>
        <topic label="TIMER2_CLOCK_OUT_ENABLE" href="time_8h.html#a1087cc0bd556ab913b512fd64bc08619"/>
        <topic label="TIMER2_CLOCK_OUT_DISABLE" href="time_8h.html#abf252a8953b5194621c842453a4c07e7"/>
        <topic label="Timer2Init" href="time_8h.html#a21b35a563150d94b502ad806d1151473"/>
        <topic label="sleep" href="time_8h.html#a2477e3a9d3cad81eb375f536b26cac37"/>
        <topic label="sleepUntilInterrupt" href="time_8h.html#aaacb05e793f1e9692d30f62c6fdc871c"/>
        <topic label="msleep" href="time_8h.html#a07ee9a8b3949891833e5bb1d893c7f83"/>
        <topic label="tick36kHz" href="time_8h.html#acb5a21cd2cc83fe4c186fa03551e89fa"/>
        <topic label="Timer2ISRHook" href="time_8h.html#a016c02aaed558dc0b882137382d11b1c"/>
      </topic>
      <topic label="libtinyasuro/inc/asuro/uart.h" href="uart_8h.html">
        <topic label="SerInit" href="uart_8h.html#a356ee9f9d5bf2a8aa5459e18283fda91"/>
        <topic label="SerRead" href="uart_8h.html#a007c6252787f5a8b98d9a9633dcb9945"/>
        <topic label="SerWrite" href="uart_8h.html#aa0f628738cf535cec1a6c26288c95923"/>
      </topic>
      <topic label="libtinyasuro/inc/util/lock.h" href="lock_8h.html">
        <topic label="MEM_BARRIER" href="lock_8h.html#aaa42593a4197ec1b6305199f42e0ecd2"/>
        <topic label="TIE_VARIABLE" href="lock_8h.html#aa78fe682dda8b03945ec796c6d4cff0f"/>
        <topic label="SAFE_ASSIGN" href="lock_8h.html#a2b606fd3b653303ecd56b3b162d5b190"/>
        <topic label="LOCK_WAIT" href="lock_8h.html#a92ad796dd0adc2da08468a220376fe76"/>
        <topic label="LOCK_OVERRIDE" href="lock_8h.html#a2b423c5de39e9f928ef553aa7cb083b3"/>
        <topic label="LOCK_SKIP" href="lock_8h.html#ad2df5ac9512e2f93fd3b5710832b2aa4"/>
        <topic label="LOCKED_BLOCK" href="lock_8h.html#aad980e1e094d1983ffb14ae279f33c2e"/>
        <topic label="__lock_base_t" href="lock_8h.html#acb54a899fb3eb49d625532695e692441"/>
        <topic label="lock_t" href="lock_8h.html#a01851409149de0931058fb6619f867f4"/>
        <topic label="__lockWait" href="lock_8h.html#a4d80fd63ce144c8f84d56cf6dbabdfee"/>
        <topic label="__lockOverride" href="lock_8h.html#ae8e329b39a95bfbde27b26b6902c6734"/>
        <topic label="__lockRelease" href="lock_8h.html#a244c4fecdec928fc1d21b45c832e1d2d"/>
      </topic>
      <topic label="libtinyasuro/inc/util/math.h" href="math_8h.html">
        <topic label="add8u_sat" href="math_8h.html#a7769cd747dae4c3b219bb7e57de45b71"/>
        <topic label="sub8u_sat" href="math_8h.html#a97a605c248a5d5f1617cdc1d9e470713"/>
      </topic>
      <topic label="libtinyasuro/inc/util/misc.h" href="misc_8h.html">
        <topic label="USED" href="misc_8h.html#abcd0a22ee4346cad5706adb6d2119429"/>
        <topic label="UNUSED" href="misc_8h.html#addf5ec070e9499d36b7f2009ce736076"/>
        <topic label="MAIN" href="misc_8h.html#a34b04bd23b07b485921a728ad0805ac4"/>
        <topic label="NAKED" href="misc_8h.html#a7a18c4884994b9b520ae535b6d9579d3"/>
        <topic label="ALWAYS_INLINE" href="misc_8h.html#aa1dec568e79152c892dcf63f445cbd7a"/>
        <topic label="NOINLINE" href="misc_8h.html#a1b173d22e57d9395897acbd8de62d505"/>
        <topic label="ON_CLEANUP" href="misc_8h.html#ad9ebffa94659cb789119653eb4c22d0e"/>
        <topic label="CONST" href="misc_8h.html#a0c33b494a68ce28497e7ce8e5e95feff"/>
        <topic label="PURE" href="misc_8h.html#acd42770aecb025cfac170d4d3ace4544"/>
        <topic label="ALIAS" href="misc_8h.html#a2dd79b830902149e2594aa3c7a142c0e"/>
        <topic label="DEPRECATED" href="misc_8h.html#ad034ea058031ed95e52d3bac1743640a"/>
        <topic label="WARNING" href="misc_8h.html#a5eb81717658ef959b101d61d2fa2cce7"/>
        <topic label="ERROR" href="misc_8h.html#a435175024ad996b2a45d734fa9eea0e3"/>
        <topic label="UNION_CAST" href="misc_8h.html#ab2d4fd0ee606d64d8f063455c3fcb45a"/>
      </topic>
      <topic label="libtinyasuro/src/asuro/adc.c" href="adc_8c.html">
        <topic label="ADCOff" href="adc_8c.html#a3abb546aa5b2f98a735c9e5dc09e0c47"/>
        <topic label="disableADCOnRefChange" href="adc_8c.html#aa3770aa08a0a7d0d73bb55275652e0f6"/>
        <topic label="ADCInit" href="adc_8c.html#a39150f192703c8fc5f1885bc21deee7f"/>
        <topic label="__ADCBlockEnter" href="adc_8c.html#a247b37106cff86ae4f45c0f016ffa50d"/>
        <topic label="__ADCBlockLeave" href="adc_8c.html#aff69faa1de1f2ad602f94f8057b8fa0c"/>
        <topic label="ADCSelectChannel" href="adc_8c.html#af543d543acc739b441f13436933f34e9"/>
        <topic label="ADCMeasure" href="adc_8c.html#a3b6afebcfa785ed99bf93614d4cde530"/>
        <topic label="ADCInterruptEnable" href="adc_8c.html#a6a8d812c1d6a5769e6664157e38d1982"/>
        <topic label="ADCInterruptDisable" href="adc_8c.html#acb00acd7a95bea215369de562e9a18f0"/>
        <topic label="old_channel" href="adc_8c.html#a0601715a617d56ffbd11f06109a12e25"/>
      </topic>
      <topic label="libtinyasuro/src/asuro/asuro.c" href="asuro_8c.html">
        <topic label="Init" href="asuro_8c.html#a7ce0a14b6e7779fbb2d9a05333792c41"/>
      </topic>
      <topic label="libtinyasuro/src/asuro/encoder.c" href="encoder_8c.html">
        <topic label="ENC_DIVIDER" href="encoder_8c.html#a205bdb02f599f635d7c064d62b420159"/>
        <topic label="ENC_GO_FACTOR" href="encoder_8c.html#ad4195c18fce5d751a3c6deec8aefcb5a"/>
        <topic label="ENC_TURN_FACTOR" href="encoder_8c.html#a92011f919bb88c5d626041af9bda95e2"/>
        <topic label="EncoderInit" href="encoder_8c.html#a80ec2c177aa9c2636f797ca881381827"/>
        <topic label="EncoderPoll" href="encoder_8c.html#a90d26c7c902d6b59f5a6dc484641454a"/>
        <topic label="EncoderReset" href="encoder_8c.html#a18dbe65842a6a727d3c3873938b7c0e4"/>
        <topic label="GoTurn" href="encoder_8c.html#a14091233a139a450adb0577fcb97bba3"/>
        <topic label="EncoderMovementReset" href="encoder_8c.html#a913ede697f577a134d678c96b3fce072"/>
        <topic label="EncoderMovementSetSpeed" href="encoder_8c.html#a657fa55615c1aaf3d83f5ca21cdf3188"/>
        <topic label="EncoderMovementPoll" href="encoder_8c.html#a37cb1c9808dd557dca2b12f5beab03d7"/>
        <topic label="reference" href="encoder_8c.html#a87a17d59232799bb08bdab7777d65f2f"/>
        <topic label="last_state" href="encoder_8c.html#aac5edbb61018a3350932c4f662b914ee"/>
        <topic label="encoderTicks" href="encoder_8c.html#a33afb0d05dc053abb3ac739835e90a0f"/>
        <topic label="leftMovementSpeed" href="encoder_8c.html#a11a071fcb12d5e1d1fafa1562939ba85"/>
        <topic label="rightMovementSpeed" href="encoder_8c.html#a66904d67360e38affe815bcee23f1b4a"/>
        <topic label="deltaMovementSpeed" href="encoder_8c.html#ad43ab3f3092e863c601afab90837774b"/>
      </topic>
      <topic label="libtinyasuro/src/asuro/led.c" href="led_8c.html">
        <topic label="LEDInit" href="led_8c.html#af60d8b831f2d2f7de43b72774fa5ce83"/>
        <topic label="StatusLED" href="led_8c.html#a2b5bc121ddd4f3af5c4d2ce09c73e70b"/>
        <topic label="FrontLED" href="led_8c.html#a26d85715869f239fdfc00c98cad35943"/>
        <topic label="BackLEDFast" href="led_8c.html#ae721de01d7f7502d9180ce4db2428394"/>
        <topic label="BackLED" href="led_8c.html#ac6b996360987b23e04d6f4fb933dc187"/>
      </topic>
      <topic label="libtinyasuro/src/asuro/motor.c" href="motor_8c.html">
        <topic label="PWM" href="motor_8c.html#a538e3ec60828cfabae7e3011d73d2093"/>
        <topic label="RIGHT_DIR" href="motor_8c.html#a280580881770229c533faab28f235a05"/>
        <topic label="LEFT_DIR" href="motor_8c.html#a748e2ff253570331d3cd8f51ccc17f03"/>
        <topic label="MotorInit" href="motor_8c.html#a03fa9e7b83025b081d85ee7cc8e0ad10"/>
        <topic label="MotorDir" href="motor_8c.html#a15bbe01030266051426e368619d478ba"/>
        <topic label="MotorSpeed" href="motor_8c.html#ade3517edc7d0f314e684ae9de40bcefd"/>
      </topic>
      <topic label="libtinyasuro/src/asuro/sensors.c" href="sensors_8c.html">
        <topic label="AUTOMODE_CH_ODO_RIGHT" href="sensors_8c.html#a144820f33c0919988cb39fdc1e28dc86"/>
        <topic label="AUTOMODE_CH_ODO_LEFT" href="sensors_8c.html#a0de170295c9165ff9d2f84c027877d7d"/>
        <topic label="AUTOMODE_CH_IR_RIGHT" href="sensors_8c.html#a91c609d458c05a145653cd7a45fadb8a"/>
        <topic label="AUTOMODE_CH_IR_LEFT" href="sensors_8c.html#ae2033444c2df1ac6ed3f5658cfc321c2"/>
        <topic label="AUTOMODE_ADC_CH" href="sensors_8c.html#a2417d616af8c5a072597c7aafd33aec7"/>
        <topic label="SensorInit" href="sensors_8c.html#a5b15323dd447e4db7677a19089955913"/>
        <topic label="SensorConfigAutomode" href="sensors_8c.html#af97e100f0689f33067132792351e5cf1"/>
        <topic label="LineData" href="sensors_8c.html#a7a732e88bdb1d7dd45e3f9e07b3fa5a7"/>
        <topic label="OdometryData" href="sensors_8c.html#ae931bad72479894d85052fce9f4491da"/>
        <topic label="OdometrieData" href="sensors_8c.html#af6a13e23f06c42d6b083af258333bc7b"/>
        <topic label="BatteryVoltage" href="sensors_8c.html#add413901c3c54f06ceae49fb0b903f00"/>
        <topic label="ISR" href="sensors_8c.html#a05c2e5b588ced1cd7312f5b0edc5b295"/>
        <topic label="amMode" href="sensors_8c.html#a712cf13aff5b9c8b3edc7ec5959c8772"/>
        <topic label="odoData" href="sensors_8c.html#aeea05a42bf5df828380fdc9253af998f"/>
        <topic label="odoDataUpdated" href="sensors_8c.html#a3463504a9988396fd366bf59168b9e84"/>
        <topic label="lineData" href="sensors_8c.html#a20fb6a04e4d902539c0600fcc02cb39d"/>
        <topic label="lineDataUpdated" href="sensors_8c.html#a63a0a76caf3bc270da26a8b08491f5f2"/>
      </topic>
      <topic label="libtinyasuro/src/asuro/switches.c" href="switches_8c.html">
        <topic label="SWITCHES" href="switches_8c.html#a982e6a0873b4ed1df90a1f963e49a551"/>
        <topic label="SWITCH_ON" href="switches_8c.html#a1276efb1a647e40b3bb0f09234e8b682"/>
        <topic label="SWITCH_OFF" href="switches_8c.html#ab1a7842d730e5d25b9b8e0a5e1421e12"/>
        <topic label="SWITCH_OUTPUT" href="switches_8c.html#ab363ae9ca3ee14d72c754b75f577d54d"/>
        <topic label="SWITCH_INPUT" href="switches_8c.html#a8ed1c5f3ba42ab63e7b0272304df2f9f"/>
        <topic label="SWITCH_INTF_CLEAR" href="switches_8c.html#af3e08ba76291e03d235d2efd418b9cb0"/>
        <topic label="SwitchInit" href="switches_8c.html#a0f674ea092ae368ce3d994d179c91a24"/>
        <topic label="PollSwitch" href="switches_8c.html#a5d14a93c00851af7ed7826ae66b24ee3"/>
        <topic label="SwitchInterruptEnable" href="switches_8c.html#adef7d0d969cec58f861159c97010282d"/>
        <topic label="SwitchInterruptDisable" href="switches_8c.html#a434762fea9c659bdcb8bb6c9b67ec396"/>
        <topic label="ISR" href="switches_8c.html#a22acfb428840c6d9aa212764589cf6c6"/>
        <topic label="switch_event" href="switches_8c.html#a095e4a5b222477fc19f533d9350a5ba8"/>
      </topic>
      <topic label="libtinyasuro/src/asuro/time.c" href="time_8c.html">
        <topic label="Timer2Init" href="time_8c.html#a21b35a563150d94b502ad806d1151473"/>
        <topic label="ISR" href="time_8c.html#a7cfcbe42bd266750aeb6e5d71e5ea479"/>
        <topic label="sleep" href="time_8c.html#a2477e3a9d3cad81eb375f536b26cac37"/>
        <topic label="sleepUntilInterrupt" href="time_8c.html#aaacb05e793f1e9692d30f62c6fdc871c"/>
        <topic label="tick36kHz" href="time_8c.html#acb5a21cd2cc83fe4c186fa03551e89fa"/>
      </topic>
      <topic label="libtinyasuro/src/asuro/uart.c" href="uart_8c.html">
        <topic label="IR_TX_OUT" href="uart_8c.html#a1a511ae414b99ad4f7c305f96cdb66c1"/>
        <topic label="SerInit" href="uart_8c.html#a356ee9f9d5bf2a8aa5459e18283fda91"/>
        <topic label="SerRead" href="uart_8c.html#a007c6252787f5a8b98d9a9633dcb9945"/>
        <topic label="SerWrite" href="uart_8c.html#aa0f628738cf535cec1a6c26288c95923"/>
      </topic>
      <topic label="tinyasuroboot/bootloader.S" href="bootloader_8_s.html"/>
      <topic label="tinyasuroboot/compat.inc" href="compat_8inc.html"/>
    </topic>
    <topic label="Datei-Elemente" href="globals.html">
      <topic label="Alle" href="globals.html">
        <topic label="_" href="globals.html"/>
        <topic label="a" href="globals_0x61.html"/>
        <topic label="b" href="globals_0x62.html"/>
        <topic label="c" href="globals_0x63.html"/>
        <topic label="d" href="globals_0x64.html"/>
        <topic label="e" href="globals_0x65.html"/>
        <topic label="f" href="globals_0x66.html"/>
        <topic label="g" href="globals_0x67.html"/>
        <topic label="i" href="globals_0x69.html"/>
        <topic label="l" href="globals_0x6c.html"/>
        <topic label="m" href="globals_0x6d.html"/>
        <topic label="n" href="globals_0x6e.html"/>
        <topic label="o" href="globals_0x6f.html"/>
        <topic label="p" href="globals_0x70.html"/>
        <topic label="r" href="globals_0x72.html"/>
        <topic label="s" href="globals_0x73.html"/>
        <topic label="t" href="globals_0x74.html"/>
        <topic label="u" href="globals_0x75.html"/>
        <topic label="w" href="globals_0x77.html"/>
        <topic label="y" href="globals_0x79.html"/>
      </topic>
      <topic label="Funktionen" href="globals_func.html"/>
      <topic label="Variablen" href="globals_vars.html"/>
      <topic label="Typdefinitionen" href="globals_type.html"/>
      <topic label="Aufzählungen" href="globals_enum.html"/>
      <topic label="Aufzählungswerte" href="globals_eval.html"/>
      <topic label="Makrodefinitionen" href="globals_defs.html"/>
    </topic>
  </topic>
  <topic label="Verzeichnisse" href="dirs.html">
    <topic label="libtinyasuro" href="dir_0db316a1853ba5bdbeb25ba0e10d2b05.html">
      <topic label="inc" href="dir_f32faa65b39ce38350f6abd7e43fbd6b.html">
        <topic label="asuro" href="dir_1068a337e240fe21b857944e1487f2b8.html">
        </topic>
        <topic label="util" href="dir_4b743dccb249688ea18f2679cf7beb2d.html">
        </topic>
      </topic>
      <topic label="src" href="dir_007b7b6aceaad8cce396e8fec5e484ad.html">
        <topic label="asuro" href="dir_6a5d4eaf143b8a2bee8e320866219864.html">
        </topic>
      </topic>
    </topic>
    <topic label="tinyasuroboot" href="dir_e85d5aaae8515b656cf7ffd1a1df428f.html">
    </topic>
  </topic>
</toc>
